{"fov":25.100000381469727,"gamma":1.090000033378601}